idx,car_position_x,car_position_y,cte,etheta,cmd_vel.linear.x,cmd_vel.angular.z
1,-2.46251e-08,3.79812e-05,-2.46251e-08,4.6133e-05,0,0
2,-2.46226e-08,3.80626e-05,-2.46226e-08,4.6133e-05,0.0500012,0.000288236
3,-2.462e-08,3.8144e-05,-2.462e-08,4.6133e-05,0.0500012,0.000108364
4,1.34008e-07,0.00501349,1.34008e-07,2.26576e-05,0.0500012,0.000221026
5,2.26472e-07,0.0100137,2.26472e-07,1.77797e-05,0.100001,4.20164e-06
6,2.66206e-07,0.0150138,2.66206e-07,2.48318e-07,0.100002,0.000110067
7,2.34359e-07,0.0249892,2.34359e-07,-5.15364e-06,0.100001,-6.68805e-05
8,1.51127e-07,0.0349894,1.51127e-07,-9.8695e-06,0.150002,1.03505e-05
9,1.19321e-07,0.0449897,1.19321e-07,-9.98347e-06,0.150003,-6.87484e-05
10,-1.40855e-07,0.0599651,-1.40855e-07,-1.59896e-05,0.150003,-1.95824e-05
11,-3.16151e-07,0.0749655,-3.16151e-07,-1.66178e-05,0.200002,-9.08823e-05
12,-6.14673e-07,0.0899658,-6.14673e-07,-1.76876e-05,0.200004,-5.02847e-05
13,-1.01238e-06,0.109941,-1.01238e-06,-1.91129e-05,0.200004,-8.42449e-05
14,-1.34988e-06,0.129942,-1.34988e-06,-2.03225e-05,0.250001,-7.52346e-05
15,-1.76177e-06,0.149942,-1.76177e-06,-2.02312e-05,0.250005,-9.05054e-05
16,-2.27703e-06,0.174917,-2.27703e-06,-2.18279e-05,0.250005,-8.20955e-05
17,-2.83339e-06,0.199918,-2.83339e-06,-2.04728e-05,0.299999,-0.000103287
18,-3.33201e-06,0.224918,-3.33201e-06,-1.99434e-05,0.300007,-8.36197e-05
19,-3.8253e-06,0.254893,-3.8253e-06,-1.10527e-05,0.300006,-9.55287e-05
20,-4.11079e-06,0.284894,-4.11079e-06,-1.01024e-05,0.349993,-3.43782e-05
21,-4.38752e-06,0.314894,-4.38752e-06,-7.71092e-06,0.350008,-6.96445e-05
22,-4.50459e-06,0.349868,-4.50459e-06,2.119e-06,0.350008,-3.21882e-05
23,-4.37339e-06,0.384869,-4.37339e-06,2.58948e-06,0.39998,7.1086e-06
24,-4.29715e-06,0.41987,-4.29715e-06,2.86312e-06,0.400009,-1.47873e-05
25,-4.1867e-06,0.459839,-4.1867e-06,6.91195e-06,0.400009,2.01617e-06
26,-3.89168e-06,0.49984,-3.89168e-06,8.00476e-06,0.430648,1.89514e-05
27,-3.56131e-06,0.539841,-3.56131e-06,9.2283e-06,0.442511,1.72529e-05
28,-3.02629e-06,0.582899,-3.02629e-06,1.21306e-05,0.43527,2.89572e-05
29,-2.47575e-06,0.62715,-2.47575e-06,1.4187e-05,0.451536,4.50284e-05
30,-1.89265e-06,0.670677,-1.89265e-06,1.6207e-05,0.464925,5.23541e-05
31,-1.0677e-06,0.716555,-1.0677e-06,1.92254e-05,0.461224,6.52629e-05
32,-1.43251e-07,0.763047,-1.43251e-07,2.15174e-05,0.468143,8.36858e-05
33,8.80545e-07,0.80917,8.80545e-07,2.25829e-05,0.480694,9.34897e-05
34,1.93224e-06,0.855984,1.93224e-06,2.18814e-05,0.475337,0.000101173
35,2.93079e-06,0.903117,2.93079e-06,2.05027e-05,0.479027,9.83269e-05
36,3.85204e-06,0.950651,3.85204e-06,1.81935e-05,0.482238,9.72743e-05
37,4.67465e-06,0.998553,4.67465e-06,1.63302e-05,0.483772,8.80807e-05
38,5.41706e-06,1.04678,5.41706e-06,1.44501e-05,0.486718,8.67274e-05
39,6.0874e-06,1.09515,6.0874e-06,1.34331e-05,0.488416,7.94907e-05
40,6.71566e-06,1.14383,6.71566e-06,1.22533e-05,0.489937,8.16911e-05
41,7.29662e-06,1.19267,7.29662e-06,1.16645e-05,0.491084,7.62282e-05
42,7.84612e-06,1.24166,7.84612e-06,1.0642e-05,0.492844,7.96473e-05
43,8.35201e-06,1.29077,8.35201e-06,1.02419e-05,0.493394,7.39016e-05
44,8.83886e-06,1.34005,8.83886e-06,9.57007e-06,0.494433,7.83347e-05
45,9.30422e-06,1.38939,9.30422e-06,9.76406e-06,0.49518,7.39575e-05
46,9.78443e-06,1.43884,9.78443e-06,9.78063e-06,0.496014,8.13587e-05
47,1.02727e-05,1.48836,1.02727e-05,1.04938e-05,0.496242,7.97761e-05
48,1.0805e-05,1.53796,1.0805e-05,1.07213e-05,0.497028,8.91229e-05
49,1.13473e-05,1.58758,1.13473e-05,1.12149e-05,0.497327,8.8058e-05
50,1.19027e-05,1.63728,1.19027e-05,1.0684e-05,0.497743,9.58671e-05
51,1.24218e-05,1.68702,1.24218e-05,1.00417e-05,0.497931,9.06599e-05
52,1.28866e-05,1.73679,1.28866e-05,8.17518e-06,0.498413,9.3101e-05
53,1.32538e-05,1.78658,1.32538e-05,6.64346e-06,0.498462,8.14741e-05
54,1.35368e-05,1.83643,1.35368e-05,4.59862e-06,0.49876,8.09454e-05
55,1.37337e-05,1.88627,1.37337e-05,3.78665e-06,0.498879,6.88325e-05
56,1.39e-05,1.93615,1.39e-05,3.02906e-06,0.499121,7.25468e-05
57,1.40455e-05,1.98604,1.40455e-05,3.53782e-06,0.499118,6.58593e-05
58,1.42289e-05,2.03595,1.42289e-05,3.9455e-06,0.499348,7.48895e-05
59,1.44481e-05,2.08586,1.44481e-05,4.73015e-06,0.499373,7.29479e-05
60,1.46902e-05,2.1358,1.46902e-05,5.43785e-06,0.499505,8.12317e-05
61,1.49842e-05,2.18573,1.49842e-05,6.47393e-06,0.499512,8.22962e-05
62,1.53251e-05,2.23568,1.53251e-05,6.81863e-06,0.499659,9.08367e-05
63,1.56751e-05,2.28563,1.56751e-05,6.93745e-06,0.499635,8.98341e-05
64,1.60134e-05,2.3356,1.60134e-05,5.97701e-06,0.499733,9.36825e-05
65,1.62869e-05,2.38556,1.62869e-05,4.81486e-06,0.499734,8.66224e-05
66,1.64865e-05,2.43554,1.64865e-05,2.92559e-06,0.499814,8.5003e-05
67,1.65949e-05,2.48551,1.65949e-05,1.67137e-06,0.499788,7.41405e-05
68,1.66438e-05,2.53549,1.66438e-05,4.96698e-07,0.499864,7.33165e-05
69,1.66505e-05,2.58547,1.66505e-05,4.14731e-07,0.499849,6.59363e-05
70,1.6674e-05,2.63546,1.6674e-05,4.90757e-07,0.499898,7.03459e-05
71,1.67074e-05,2.68544,1.67074e-05,6.09807e-07,0.499881,6.80889e-05
72,1.67346e-05,2.73543,1.67346e-05,7.0664e-07,0.499932,7.06594e-05
73,1.67742e-05,2.78542,1.67742e-05,8.47833e-07,0.49991,6.9805e-05
74,1.68166e-05,2.83541,1.68166e-05,9.99391e-07,0.499947,7.16331e-05
75,1.68712e-05,2.8854,1.68712e-05,1.1952e-06,0.499934,7.17624e-05
76,1.69342e-05,2.9354,1.69342e-05,1.42149e-06,0.499965,7.34165e-05
77,1.70118e-05,2.98539,1.70118e-05,1.69995e-06,0.499947,7.43265e-05
78,1.71029e-05,3.03539,1.71029e-05,1.98521e-06,0.499976,7.61935e-05
79,1.72105e-05,3.08538,1.72105e-05,2.01967e-06,0.499962,7.75633e-05
80,1.73085e-05,3.13538,1.73085e-05,1.72808e-06,0.499983,7.76067e-05
81,1.73817e-05,3.18538,1.73817e-05,1.2816e-06,0.49997,7.61853e-05
82,1.7433e-05,3.23538,1.7433e-05,9.4192e-07,0.49999,7.44843e-05
83,1.74707e-05,3.28537,1.74707e-05,9.45011e-07,0.499977,7.35804e-05
84,1.75247e-05,3.33537,1.75247e-05,1.1299e-06,0.499993,7.44587e-05
85,1.75858e-05,3.38537,1.75858e-05,1.3483e-06,0.499983,7.5535e-05
86,1.76571e-05,3.43537,1.76571e-05,1.60327e-06,0.499996,7.67588e-05
87,1.77424e-05,3.48537,1.77424e-05,1.90881e-06,0.499987,7.82123e-05
88,1.78435e-05,3.53537,1.78435e-05,2.26267e-06,0.499999,7.99587e-05
89,1.79674e-05,3.58537,1.79674e-05,2.55424e-06,0.499991,8.19574e-05
90,1.81002e-05,3.63537,1.81002e-05,2.41819e-06,0.5,8.34989e-05
91,1.82159e-05,3.68537,1.82159e-05,1.82732e-06,0.499993,8.24001e-05
92,1.82875e-05,3.73537,1.82875e-05,8.89903e-07,0.500001,7.97534e-05
93,1.83066e-05,3.78537,1.83066e-05,-3.77649e-08,0.499994,7.54114e-05
94,1.82798e-05,3.83537,1.82798e-05,-6.69963e-07,0.500001,7.19201e-05
95,1.8239e-05,3.88537,1.8239e-05,-8.26748e-07,0.499996,6.96323e-05
96,1.81964e-05,3.93537,1.81964e-05,-9.86358e-07,0.500002,6.97881e-05
97,1.81439e-05,3.98536,1.81439e-05,-1.18313e-06,0.499997,6.8276e-05
98,1.8078e-05,4.03537,1.8078e-05,-1.42977e-06,0.500002,6.7552e-05
99,1.80002e-05,4.08537,1.80002e-05,-1.72066e-06,0.499998,6.58603e-05
100,1.79061e-05,4.13537,1.79061e-05,-2.07189e-06,0.500002,6.44247e-05
101,1.77944e-05,4.18537,1.77944e-05,-2.48864e-06,0.499999,6.2285e-05
102,1.76603e-05,4.23537,1.76603e-05,-2.9887e-06,0.500003,6.00369e-05
103,1.74999e-05,4.28537,1.74999e-05,-3.58587e-06,0.499999,5.71262e-05
104,1.73065e-05,4.33537,1.73065e-05,-4.30353e-06,0.500002,5.37986e-05
105,1.70744e-05,4.38537,1.70744e-05,-5.16538e-06,0.5,4.96826e-05
106,1.67953e-05,4.43537,1.67953e-05,-6.20223e-06,0.500002,4.48199e-05
107,1.64597e-05,4.48537,1.64597e-05,-7.44907e-06,0.5,3.89115e-05
108,1.60562e-05,4.53537,1.60562e-05,-8.9486e-06,0.500002,3.18472e-05
109,1.55711e-05,4.58537,1.55711e-05,-1.07423e-05,0.5,2.33242e-05
110,1.49892e-05,4.63537,1.49892e-05,-1.28878e-05,0.500002,1.31614e-05
111,1.42912e-05,4.68537,1.42912e-05,-1.54519e-05,0.500001,9.73264e-07
112,1.34548e-05,4.73537,1.34548e-05,-1.85196e-05,0.500002,-1.35812e-05
113,1.24526e-05,4.78537,1.24526e-05,-2.21117e-05,0.500001,-3.10219e-05
114,1.12621e-05,4.83537,1.12621e-05,-2.6377e-05,0.500002,-5.133e-05
115,9.84054e-06,4.88537,9.84054e-06,-3.0737e-05,0.500001,-7.57163e-05
116,8.21893e-06,4.93537,8.21893e-06,-3.32957e-05,0.500002,-9.95842e-05
117,6.54092e-06,4.98537,6.54092e-06,-3.31158e-05,0.500001,-0.000112466
118,4.95644e-06,5.03537,4.95644e-06,-2.99875e-05,0.500002,-0.000113816
119,3.57468e-06,5.08537,3.57468e-06,-2.5333e-05,0.500001,-0.000101519
120,2.42991e-06,5.13537,2.42991e-06,-2.05701e-05,0.500002,-8.62695e-05
121,1.48649e-06,5.18537,1.48649e-06,-1.73774e-05,0.500001,-7.06468e-05
122,6.63854e-07,5.23537,6.63854e-07,-1.58384e-05,0.500002,-6.49746e-05
123,-1.18455e-07,5.28537,-1.18455e-07,-1.58317e-05,0.500001,-6.34605e-05
124,-9.19079e-07,5.33537,-9.19079e-07,-1.6269e-05,0.500002,-6.96725e-05
125,-1.74561e-06,5.38537,-1.74561e-06,-1.68464e-05,0.500002,-7.39543e-05
126,-2.58965e-06,5.43537,-2.58965e-06,-1.68573e-05,0.500002,-8.06885e-05
127,-3.42454e-06,5.48537,-3.42454e-06,-1.67035e-05,0.500002,-8.19111e-05
128,-4.24391e-06,5.53537,-4.24391e-06,-1.61827e-05,0.500002,-8.56062e-05
129,-5.03904e-06,5.58537,-5.03904e-06,-1.58888e-05,0.500002,-8.49577e-05
130,-5.82036e-06,5.63537,-5.82036e-06,-1.54167e-05,0.500002,-8.86551e-05
131,-6.58174e-06,5.68537,-6.58174e-06,-1.51111e-05,0.500002,-8.80925e-05
132,-7.32231e-06,5.73537,-7.32231e-06,-1.42864e-05,0.500002,-9.14231e-05
133,-8.01537e-06,5.78537,-8.01537e-06,-1.32904e-05,0.500002,-8.83527e-05
134,-8.6444e-06,5.83537,-8.6444e-06,-1.15608e-05,0.500002,-8.80472e-05
135,-9.18034e-06,5.88537,-9.18034e-06,-9.84936e-06,0.500002,-8.02978e-05
136,-9.62507e-06,5.93537,-9.62507e-06,-7.92973e-06,0.500002,-7.70406e-05
137,-9.98437e-06,5.98537,-9.98437e-06,-6.83905e-06,0.500002,-6.86965e-05
138,-1.03002e-05,6.03537,-1.03002e-05,-6.16569e-06,0.500002,-6.90221e-05
139,-1.06002e-05,6.08537,-1.06002e-05,-6.48887e-06,0.500002,-6.61827e-05
140,-1.0932e-05,6.13537,-1.0932e-05,-7.08465e-06,0.500002,-7.23709e-05
141,-1.13072e-05,6.18537,-1.13072e-05,-8.26047e-06,0.500002,-7.46409e-05
142,-1.17435e-05,6.23537,-1.17435e-05,-9.08413e-06,0.500002,-8.39091e-05
143,-1.22177e-05,6.28537,-1.22177e-05,-9.82505e-06,0.500002,-8.64188e-05
144,-1.27169e-05,6.33538,-1.27169e-05,-9.65964e-06,0.500002,-9.31297e-05
145,-1.31947e-05,6.38538,-1.31947e-05,-9.11497e-06,0.500002,-9.08144e-05
146,-1.36218e-05,6.43538,-1.36218e-05,-7.55589e-06,0.500002,-9.17368e-05
147,-1.39613e-05,6.48538,-1.39613e-05,-5.92622e-06,0.500002,-8.30107e-05
148,-1.42094e-05,6.53538,-1.42094e-05,-3.8779e-06,0.500002,-7.96661e-05
149,-1.43617e-05,6.58538,-1.43617e-05,-2.60999e-06,0.500002,-6.91568e-05
150,-1.44622e-05,6.63538,-1.44622e-05,-1.62014e-06,0.500002,-6.82989e-05
151,-1.45265e-05,6.68538,-1.45265e-05,-1.74024e-06,0.500002,-6.2582e-05
152,-1.46219e-05,6.73538,-1.46219e-05,-2.0635e-06,0.500002,-6.76892e-05
153,-1.47413e-05,6.78538,-1.47413e-05,-2.49033e-06,0.500002,-6.71809e-05
154,-1.48704e-05,6.83538,-1.48704e-05,-2.95229e-06,0.500002,-7.13256e-05
155,-1.50306e-05,6.88538,-1.50306e-05,-3.52571e-06,0.500002,-7.26644e-05
156,-1.52162e-05,6.93538,-1.52162e-05,-4.17594e-06,0.500002,-7.68761e-05
157,-1.54394e-05,6.98538,-1.54394e-05,-4.94691e-06,0.500002,-7.98737e-05
158,-1.57068e-05,7.03538,-1.57068e-05,-5.21932e-06,0.500002,-8.47863e-05
159,-1.5969e-05,7.08538,-1.5969e-05,-4.92192e-06,0.500002,-8.52037e-05
160,-1.62006e-05,7.13538,-1.62006e-05,-3.82461e-06,0.500002,-8.45885e-05
161,-1.63607e-05,7.18538,-1.63607e-05,-2.4322e-06,0.500002,-7.88319e-05
162,-1.64419e-05,7.23538,-1.64419e-05,-9.6823e-07,0.500002,-7.39649e-05
163,-1.64577e-05,7.28538,-1.64577e-05,-8.57425e-08,0.500002,-6.74689e-05
164,-1.64416e-05,7.33538,-1.64416e-05,1.54305e-07,0.500002,-6.57177e-05
165,-1.64417e-05,7.38538,-1.64417e-05,1.57489e-07,0.500002,-6.50945e-05
166,-1.64334e-05,7.43538,-1.64334e-05,1.89305e-07,0.500002,-6.54907e-05
167,-1.64223e-05,7.48538,-1.64223e-05,2.31326e-07,0.500002,-6.49454e-05
168,-1.64081e-05,7.53538,-1.64081e-05,2.84513e-07,0.500002,-6.49406e-05
169,-1.63923e-05,7.58538,-1.63923e-05,3.43399e-07,0.500002,-6.44745e-05
170,-1.63732e-05,7.63538,-1.63732e-05,4.14261e-07,0.500002,-6.42666e-05
171,-1.63515e-05,7.68538,-1.63515e-05,4.94943e-07,0.500002,-6.37793e-05
172,-1.63253e-05,7.73538,-1.63253e-05,5.91904e-07,0.500002,-6.33921e-05
173,-1.62943e-05,7.78538,-1.62943e-05,7.07135e-07,0.500002,-6.2794e-05
174,-1.62568e-05,7.83538,-1.62568e-05,8.46907e-07,0.500002,-6.21761e-05
175,-1.62114e-05,7.88538,-1.62114e-05,1.01647e-06,0.500002,-6.13552e-05
176,-1.61561e-05,7.93538,-1.61561e-05,1.22318e-06,0.500002,-6.04078e-05
177,-1.60893e-05,7.98538,-1.60893e-05,1.4734e-06,0.500002,-5.92176e-05
178,-1.60086e-05,8.03538,-1.60086e-05,1.77537e-06,0.500002,-5.78064e-05
179,-1.59116e-05,8.08538,-1.59116e-05,2.13823e-06,0.500002,-5.60864e-05
180,-1.57954e-05,8.13538,-1.57954e-05,2.57282e-06,0.500002,-5.40354e-05
181,-1.56555e-05,8.18538,0.00173011,-0.00960491,0.500002,-5.15722e-05
182,-1.54878e-05,8.23538,0.0012327,-0.0102626,0.500002,-0.0605604
183,-1.52868e-05,8.28538,0.000706609,-0.0107517,0.500001,-0.0253948
184,0.00012758,8.33255,0.0041787,-0.0282778,0.500002,-0.053355
185,0.000492436,8.38256,0.00276865,-0.02738,0.489044,-0.140425
186,0.0010546,8.43258,0.00147618,-0.0231092,0.489379,-0.0766011
187,0.00201131,8.48154,0.00560494,-0.0416933,0.506691,-0.0882775
188,0.00342824,8.5305,0.00357114,-0.0354774,0.49202,-0.184256
189,0.00540473,8.58116,0.00192095,-0.0225173,0.494515,-0.0697718
190,0.00808619,8.63039,0.00432019,-0.0257612,0.499712,-0.0441829
191,0.0113476,8.68115,0.00304174,-0.023023,0.501547,-0.0480478
192,0.0146965,8.73103,0.00204038,-0.0147723,0.49789,-0.000974332
193,0.0182856,8.78108,0.00465358,-0.0347731,0.506292,0.0448414
194,0.0219641,8.83074,0.0030665,-0.0284236,0.496162,-0.0553486
195,0.0255904,8.88121,0.00160312,-0.0262664,0.501859,0.0857929
196,0.0293408,8.931,0.00408684,-0.0134084,0.499017,0.0460234
197,0.0331748,8.98099,0.00275809,-0.0167663,0.502492,0.255937
198,0.036669,9.03074,0.00153178,-0.00760676,0.496865,0.146181
199,0.0393513,9.08101,-0.00510796,-0.0501261,0.500348,0.329694
200,0.0408961,9.13052,-0.00937363,-0.131571,0.498639,-0.0454964
201,0.041252,9.18031,-0.0272607,-0.210546,0.498787,-0.216354
202,0.040824,9.23027,-0.0364315,-0.219702,0.496569,-0.615489
203,0.0410166,9.28023,-0.0312116,-0.0665615,0.499214,-0.266545
204,0.043231,9.3303,0.0353116,0.281153,0.49609,0.655145
205,0.0475988,9.38017,0.139657,0.615124,0.45609,1
206,0.0523336,9.42992,0.147761,0.588651,0.450347,1
207,0.0555644,9.47976,0.0512089,0.390892,0.449828,1
208,0.0555158,9.52834,-0.149161,-0.226942,0.447755,1
209,0.0515234,9.5727,-0.17456,-0.387254,0.432443,1
210,0.0433959,9.6163,-0.112508,-0.310178,0.494197,0.845959
211,0.0310356,9.66046,-0.0455725,-0.242333,0.430865,0.761392
212,0.0144852,9.70472,-0.0199325,-0.134795,0.487651,0.18802
213,-0.00389148,9.74451,-0.00405862,-0.0685252,0.460308,0.854098
214,-0.0245773,9.78318,-0.00343314,0.0672837,0.469276,0.356471
215,-0.0474537,9.82064,0.00174941,0.103248,0.434743,1
216,-0.0728415,9.85725,0.0065082,0.151522,0.46902,1
217,-0.100457,9.89236,-0.00912492,0.202064,0.441325,1
218,-0.131907,9.92597,-0.0104151,0.158517,0.461688,1
219,-0.164463,9.9546,-0.017035,0.0883268,0.461932,1
220,-0.202602,9.98204,-0.0324601,-0.00936089,0.482056,1
221,-0.244778,10.0064,-0.0418003,-0.0892271,0.479048,0.464943
222,-0.288614,10.026,-0.0538592,-0.182327,0.481102,0.284022
223,-0.333623,10.0415,-0.0454764,-0.20247,0.490633,-0.258337
224,-0.379731,10.0548,-0.0513911,-0.152091,0.485744,-0.147086
225,-0.426376,10.0676,-0.0563367,-0.0432121,0.488128,0.0258509
226,-0.473402,10.081,-0.0288398,0.0435566,0.491384,0.527254
227,-0.520049,10.0945,-0.0248667,0.114269,0.491011,0.694683
228,-0.566757,10.1071,-0.0170535,0.127119,0.492668,0.998754
229,-0.614011,10.1172,0.0188775,0.0585935,0.488605,0.86077
230,-0.661876,10.1233,0.0334091,-0.0336403,0.491857,0.532054
231,-0.708721,10.1246,0.0461338,-0.112001,0.487876,0.124101
232,-0.757197,10.1226,0.0578518,-0.148862,0.478182,-0.13321
233,-0.805592,10.1187,0.0531083,-0.14821,0.488164,-0.26588
234,-0.853416,10.1148,0.0452366,-0.111142,0.493642,-0.236486
235,-0.902281,10.1117,0.0547875,-0.0666976,0.487611,-0.0738062
236,-0.951516,10.1099,0.0517625,-0.030662,0.492425,0.0638082
237,-0.999953,10.1089,0.0505299,-0.0131152,0.496589,0.193185
238,-1.04923,10.108,0.0680039,-0.0222941,0.492602,0.208228
239,-1.09868,10.1064,0.0664632,-0.0416307,0.494905,0.160673
240,-1.14777,10.1038,0.0639553,-0.0631719,0.499842,0.0454423
241,-1.1975,10.1003,0.0604958,-0.0779817,0.495675,-0.0454997
242,-1.24715,10.0963,0.0565326,-0.0814767,0.498786,-0.111582
243,-1.29655,10.0924,0.0525914,-0.0765677,0.501698,-0.119044
244,-1.34651,10.0889,0.0489764,-0.065705,0.496802,-0.105784
245,-1.39665,10.0859,0.0459445,-0.0537537,0.499669,-0.0625005
246,-1.44616,10.0835,0.043549,-0.0417904,0.502795,-0.0280595
247,-1.49659,10.0815,0.0415752,-0.0360229,0.499113,0.0167809
248,-1.54685,10.0798,0.0398372,-0.0330932,0.5006,0.0146034
249,-1.59672,10.0781,0.0381444,-0.0347657,0.504371,0.0244582
250,-1.64673,10.0763,0.0363695,-0.0362088,0.499525,-0.0051076
251,-1.69712,10.0745,0.0344853,-0.0386115,0.500604,-0.00736882
252,-1.74704,10.0725,0.0325674,-0.0381014,0.502224,-0.035359
253,-1.79707,10.0707,0.0306767,-0.0373586,0.501627,-0.0260832
254,-1.84728,10.0689,0.0288836,-0.0338556,0.499484,-0.0395679
255,-1.89743,10.0672,0.0272474,-0.0312595,0.502097,-0.018015
256,-1.94738,10.0658,0.0257805,-0.027338,0.501289,-0.0251527
257,-1.99758,10.0644,0.0244517,-0.025539,0.500544,-0.00266249
258,-2.04771,10.0632,0.0232324,-0.0230443,0.500663,-0.013896
259,-2.09776,10.0621,0.0220858,-0.0227657,0.501788,0.00291069
260,-2.14782,10.061,0.0209797,-0.0213874,0.500263,-0.0140392
261,-2.19798,10.0599,0.0198996,-0.0216629,0.500706,-0.000416243
262,-2.24801,10.0588,0.0188499,-0.0202728,0.500922,-0.0187114
263,-2.29807,10.0578,0.0178361,-0.0202208,0.500845,-0.00374982
264,-2.34816,10.0569,0.0168689,-0.0183696,0.500139,-0.020172
265,-2.39824,10.056,0.0159584,-0.0179884,0.5009,-0.00264664
266,-2.44826,10.0551,0.0151081,-0.0159931,0.500553,-0.017809
267,-2.49834,10.0543,0.0143139,-0.0157213,0.500414,0.00068152
268,-2.5484,10.0536,0.0135708,-0.0139606,0.500368,-0.0151087
269,-2.59844,10.0529,0.0128708,-0.0140188,0.500688,0.00286561
270,-2.64848,10.0522,0.0122065,-0.0125262,0.500229,-0.014276
271,-2.69854,10.0516,0.0115726,-0.0128013,0.500368,0.00325886
272,-2.74857,10.051,0.0109674,-0.0113922,0.500387,-0.0146779
273,-2.7986,10.0504,0.0103896,-0.0117068,0.50036,0.00319641
274,-2.84865,10.0498,0.00983998,-0.0102586,0.500164,-0.0148667
275,-2.89868,10.0493,0.00931904,-0.0105676,0.500348,0.00374363
276,-2.9487,10.0488,0.00882718,-0.00910127,0.500255,-0.0143966
277,-2.99873,10.0484,0.0083628,-0.00946467,0.500192,0.004782
278,-3.04876,10.0479,0.00792488,-0.00804551,0.5002,-0.0137421
279,-3.09878,10.0475,0.00751086,-0.00851207,0.500243,0.00572341
280,-3.1488,10.0471,0.00711903,-0.0071583,0.500154,-0.0133825
281,-3.19882,10.0467,0.00674698,-0.00771837,0.500143,0.00632386
282,-3.24885,10.0464,0.00639399,-0.00640077,0.500191,-0.0133212
283,-3.29886,10.0461,0.0060584,-0.0070205,0.500124,0.0067521
284,-3.34888,10.0457,0.00574015,-0.00570944,0.500128,-0.0133137
285,-3.39889,10.0454,0.00543806,-0.00637169,0.500109,0.00722895
286,-3.44891,10.0452,0.00515229,-0.00506178,0.500147,-0.0132268
287,-3.49891,10.0449,0.0048814,-0.00577133,0.500056,0.00778714
288,-3.54894,10.0446,0.00462543,-0.00447042,0.500131,-0.0131079
289,-3.59894,10.0444,0.00438274,-0.00523556,0.500059,0.0083368
290,-3.64896,10.0442,0.00415328,-0.00394685,0.500116,-0.0130493
291,-3.69896,10.0439,0.00393557,-0.00476058,0.500025,0.00881656
292,-3.74898,10.0437,0.00372972,-0.00347812,0.500125,-0.0130261
293,-3.79897,10.0435,0.00353426,-0.00433762,0.500013,0.00925987
294,-3.84899,10.0433,0.00334951,-0.00305783,0.500108,-0.0130371
295,-3.89899,10.0432,0.00317395,-0.00396142,0.500003,0.00967591
296,-3.94901,10.043,0.00300804,-0.00268086,0.500112,-0.0130841
297,-3.999,10.0429,0.00285029,-0.00362567,0.499983,0.0100709
298,-4.04902,10.0427,0.00270129,-0.00234073,0.500107,-0.0131558
299,-4.09901,10.0426,0.00255956,-0.00332464,0.499979,0.010456
300,-4.14903,10.0424,0.00242579,-0.00203287,0.500103,-0.0132445
301,-4.19902,10.0423,0.00229849,-0.00305481,0.499966,0.0108349
302,-4.24904,10.0422,0.00217843,-0.00175459,0.500106,-0.0133497
303,-4.29903,10.0421,0.00206411,-0.0028139,0.499959,0.0112054
304,-4.34905,10.042,0.00195636,-0.00150359,0.500102,-0.0134739
305,-4.39904,10.0419,0.00185366,-0.00259959,0.499952,0.0115661
306,-4.44906,10.0418,0.00175693,-0.0012773,0.500103,-0.0136183
307,-4.49904,10.0417,0.00166464,-0.00240895,0.499944,0.0119183
308,-4.54906,10.0416,0.0015778,-0.00107262,0.500103,-0.0137799
309,-4.59905,10.0415,0.00149486,-0.00223901,0.49994,0.012266
310,-4.64907,10.0414,0.00141692,-0.000886909,0.500102,-0.0139552
311,-4.69906,10.0413,0.0013424,-0.00208758,0.499934,0.0126118
312,-4.74907,10.0413,0.00127247,-0.000718341,0.500104,-0.0141432
313,-4.79906,10.0412,0.00120551,-0.00195312,0.499929,0.0129557
314,-4.84908,10.0411,0.00114277,-0.000565528,0.500104,-0.0143451
315,-4.89906,10.0411,0.00108259,-0.00183426,0.499925,0.0132969
316,-4.94908,10.041,0.00102629,-0.000426984,0.500105,-0.0145613
317,-4.99907,10.041,0.000972191,-0.00172941,0.49992,0.0136358
318,-5.04909,10.0409,0.00092167,-0.000301022,0.500106,-0.0147906
319,-5.09907,10.0409,0.00087302,-0.00163688,0.499917,0.0139746
320,-5.14909,10.0408,0.000827694,-0.000186036,0.500107,-0.0150312
321,-5.19907,10.0408,0.000783948,-0.00155524,0.499913,0.014315
322,-5.24909,10.0407,0.000743302,-8.07821e-05,0.500109,-0.0152819
323,-5.29908,10.0407,0.000703971,-0.00148346,0.499909,0.0146579
324,-5.3491,10.0407,0.000667538,1.56062e-05,0.50011,-0.0155428
325,-5.39908,10.0406,0.000632172,-0.00142083,0.499906,0.0150031
326,-5.4491,10.0406,0.000599519,0.000103825,0.500112,-0.0158146
327,-5.49908,10.0406,0.000567703,-0.00136662,0.499903,0.0153501
328,-5.5491,10.0405,0.000538434,0.00018465,0.500113,-0.0160978
329,-5.59908,10.0405,0.000509793,-0.00132001,0.4999,0.0156992
330,-5.6491,10.0405,0.000483556,0.000259004,0.500115,-0.0163919
331,-5.69908,10.0405,0.000457771,-0.00128,0.499897,0.0160517
332,-5.7491,10.0404,0.000434272,0.000328028,0.500117,-0.0166952
333,-5.79909,10.0404,0.000411049,-0.00124571,0.499894,0.0164103
334,-5.84911,10.0404,0.000390017,0.000392144,0.500119,-0.0170075
335,-5.89909,10.0404,0.000369111,-0.00121679,0.499891,0.0167741
336,-5.94911,10.0404,0.000350302,0.000451802,0.500121,-0.0173288
337,-5.99909,10.0403,0.000331475,-0.00119287,0.499888,0.0171431
338,-6.04911,10.0403,0.000314661,0.000507296,0.500123,-0.01766
339,-6.09909,10.0403,0.00029769,-0.00117371,0.499885,0.0175166
340,-6.14911,10.0403,0.000282654,0.000558915,0.500125,-0.0180019
341,-6.19909,10.0403,0.000267334,-0.00115893,0.499882,0.0178945
342,-6.24911,10.0403,0.000253883,0.000607195,0.500128,-0.0183546
343,-6.29909,10.0402,0.000240036,-0.00114789,0.499879,0.0182778
344,-6.34911,10.0402,0.000228011,0.000652852,0.50013,-0.0187167
345,-6.39909,10.0402,0.000215494,-0.0011399,0.499876,0.0186684
346,-6.44965,10.0404,0.000381813,0.00764924,0.500132,-0.0190867
347,-6.49962,10.0407,0.000722624,0.00595978,0.501941,0.0692751
348,-6.54964,10.0411,0.00106795,0.00782915,0.502132,0.000348747
349,-6.59975,10.0412,0.00119778,-0.00256132,0.49862,0.0620516
350,-6.64997,10.0411,0.00106179,-0.0027826,0.501392,-0.0515791
351,-6.69979,10.0408,0.000769489,-0.0088913,0.500618,0.0221124
352,-6.74996,10.0404,0.000447821,-0.00392933,0.500287,-0.0721875
353,-6.80001,10.0402,0.000198957,-0.00602168,0.499425,0.0237401
354,-6.85008,10.0401,7.57516e-05,0.00104532,0.501586,-0.0569386
355,-6.90001,10.0401,7.30021e-05,-0.00117188,0.499589,0.0460364
356,-6.9502,10.0402,0.000154971,0.00439283,0.500399,-0.0385995
357,-7.00013,10.0403,0.000263156,-4.37547e-05,0.500042,0.0578536
358,-7.05019,10.0404,0.000354508,0.0036788,0.500883,-0.0373039
359,-7.10016,10.0404,0.000396852,-0.00194883,0.499278,0.0532858
360,-7.15027,10.0404,0.000388613,0.001621,0.500718,-0.0467545
361,-7.20017,10.0403,0.000339501,-0.00355923,0.499806,0.0453635
362,-7.25027,10.0403,0.000274168,0.000944647,0.500404,-0.053153
363,-7.30022,10.0402,0.000211527,-0.003438,0.499503,0.0441256
364,-7.35029,10.0402,0.000168789,0.00171085,0.500741,-0.0523322
365,-7.40022,10.0401,0.000147824,-0.00253992,0.499537,0.0482585
366,-7.45032,10.0401,0.000148207,0.0025323,0.500432,-0.04921
367,-7.50025,10.0402,0.00015782,-0.00212893,0.499671,0.0518132
368,-7.55032,10.0402,0.00017089,0.00263109,0.500557,-0.0486323
369,-7.60026,10.0402,0.000176435,-0.00238518,0.499475,0.0522713
370,-7.65034,10.0402,0.000174961,0.00231068,0.500522,-0.050619
371,-7.70026,10.0402,0.000163434,-0.00274979,0.499615,0.0513749
372,-7.75034,10.0401,0.000148445,0.00213744,0.500436,-0.0526686
373,-7.80027,10.0401,0.000130779,-0.00282794,0.499538,0.051352
374,-7.85034,10.0401,0.000116476,0.00224768,0.500525,-0.0534227
375,-7.90027,10.0401,0.000104523,-0.00271125,0.499542,0.0524181
376,-7.95035,10.0401,9.84114e-05,0.00245152,0.500445,-0.0534919
377,-8.00027,10.0401,9.39782e-05,-0.00261203,0.499579,0.0537792
378,-8.05035,10.0401,9.30457e-05,0.0025576,0.500479,-0.053776
379,-8.10027,10.0401,0.00118205,-0.00784951,0.499527,0.0546799
380,-8.15035,10.0401,0.000907124,-0.00304557,0.500475,-0.0870572
381,-8.20027,10.0401,0.000616215,-0.00864738,0.499561,0.0412865
382,-8.25037,10.0402,0.00392904,-0.0212064,0.500453,-0.0846906
383,-8.3003,10.0403,0.00274867,-0.0267362,0.49961,-0.0740811
384,-8.35039,10.0406,0.00155897,-0.019428,0.500569,-0.120464
385,-8.40039,10.0413,0.00568085,-0.0406779,0.499573,-0.0382589
386,-8.45057,10.0426,0.00373636,-0.0289863,0.500829,-0.219326
387,-8.50052,10.0442,0.00232432,-0.0255906,0.500278,-0.010438
388,-8.55058,10.0465,0.00475592,-0.0246473,0.50098,-0.118717
389,-8.60057,10.0494,0.00352596,-0.024139,0.49966,-0.00596955
390,-8.65054,10.0526,0.00257244,-0.00730717,0.50125,-0.0600927
391,-8.70046,10.0561,0.00568223,-0.0361084,0.499728,0.115426
392,-8.75048,10.0598,0.00405844,-0.0230806,0.50036,-0.142664
393,-8.80027,10.0634,0.00263984,-0.0326492,0.499978,0.152403
394,-8.85025,10.067,0.00479071,-0.0251252,0.499945,-0.0837526
395,-8.90003,10.0705,0.00266858,-0.043069,0.498618,0.217843
396,-8.94993,10.074,0.00203413,-0.00876173,0.499931,-0.0704814
397,-8.99962,10.077,0.00142217,-0.0666796,0.497765,0.411819
398,-9.04951,10.0797,0.000399123,-0.0207349,0.498478,-0.201484
399,-9.09925,10.0818,-0.0102754,-0.0804128,0.496703,0.593479
400,-9.14918,10.0834,-0.00923317,-0.0574617,0.498788,-0.312778
401,-9.19894,10.0843,-0.0285387,-0.130269,0.495668,0.606683
402,-9.2489,10.0847,-0.0295107,-0.0477039,0.49949,-0.463631
403,-9.29868,10.0846,-0.0643752,-0.246732,0.495554,0.921598
404,-9.34859,10.0838,-0.0676872,-0.117373,0.492125,-0.64842
405,-9.39839,10.0825,-0.104753,-0.156035,0.448937,1
406,-9.44826,10.0806,-0.139223,-0.248819,0.522318,0.450164
407,-9.49796,10.078,-0.181438,-0.233765,0.44894,1
408,-9.55031,10.0734,-0.200952,-0.18142,0.455528,1
409,-9.60051,10.0657,-0.155811,-0.331386,0.476185,1
410,-9.64456,10.0547,-0.0734662,-0.170557,0.471306,1
411,-9.68912,10.0385,-0.0258301,-0.0720848,0.486225,0.825895
412,-9.73075,10.0181,-0.00813434,0.0452895,0.461316,0.882044
413,-9.77524,9.99153,-0.00242709,0.107453,0.492001,1
414,-9.81284,9.96508,0.000718015,0.120531,0.475659,1
415,-9.84854,9.93468,-0.0199034,0.127721,0.50189,1
416,-9.88113,9.90088,-0.0241601,0.0796356,0.452765,1
417,-9.91244,9.86173,-0.0321074,0.0338894,0.494866,1
418,-9.93633,9.82517,-0.0477083,-0.0707666,0.482467,0.789957
419,-9.95837,9.78254,-0.0620662,-0.153904,0.479795,0.0435635
420,-9.97632,9.73851,-0.0762461,-0.18906,0.457388,0.0703405
421,-9.9917,9.69311,-0.0609671,-0.170981,0.494217,-0.282895
422,-10.0056,9.64795,-0.0664869,-0.0862352,0.476362,-0.0162815
423,-10.02,9.602,-0.0675173,0.0511775,0.493024,0.240111
424,-10.0348,9.55673,-0.0471631,0.114929,0.483703,0.896756
425,-10.0495,9.50987,-0.0401754,0.156832,0.490388,0.811796
426,-10.0622,9.46284,-0.0311011,0.139026,0.488161,1
427,-10.0716,9.41553,-0.0181104,0.0813081,0.496291,0.871364
428,-10.0765,9.36888,0.034343,-0.052679,0.484628,0.581594
429,-10.077,9.32083,0.0444129,-0.128308,0.482519,-0.0911076
430,-10.0739,9.27303,0.0516906,-0.172417,0.480773,-0.152009
431,-10.0688,9.22536,0.0465381,-0.179258,0.491312,-0.4753
432,-10.0634,9.17756,0.0369993,-0.142922,0.485081,-0.370124
433,-10.0594,9.12862,0.0425853,-0.0750664,0.488707,-0.271689
434,-10.0574,9.07996,0.0392342,-0.0272913,0.492423,0.0535476
435,-10.057,9.03096,0.0383029,0.00964188,0.494963,0.136121
436,-10.0572,8.98176,0.0571534,0.000564065,0.491913,0.324316
437,-10.0568,8.93233,0.0568499,-0.0129209,0.497638,0.169541
438,-10.0554,8.8833,0.0554751,-0.0456124,0.496088,0.177092
439,-10.0526,8.83285,0.0527472,-0.0637978,0.495725,-0.0677346
440,-10.049,8.78351,0.0492078,-0.0816559,0.498152,-0.0487147
441,-10.0451,8.73312,0.0452289,-0.0735718,0.503343,-0.211879
442,-10.0416,8.68342,0.0416745,-0.0683392,0.498243,-0.0716468
443,-10.0387,8.63223,0.0387173,-0.0450323,0.504465,-0.153527
444,-10.0367,8.58262,0.0366751,-0.0368549,0.501782,0.0466915
445,-10.0352,8.53211,0.0351838,-0.0216128,0.506601,-0.0453182
446,-10.034,8.48198,0.0339995,-0.0258901,0.496494,0.11531
447,-10.0328,8.43131,0.0327949,-0.0214946,0.506608,-0.03182
448,-10.0314,8.38173,0.0314597,-0.0327472,0.500068,0.0907024
449,-10.0299,8.33108,0.0298688,-0.0298257,0.503112,-0.0805594
450,-10.0281,8.28116,0.0281647,-0.0387035,0.498639,0.0450357
451,-10.0264,8.23083,0.0264005,-0.0309676,0.505287,-0.113877
452,-10.0247,8.18102,0.0247536,-0.0352744,0.49823,0.0358027
453,-10.0232,8.13046,0.0232409,-0.0241717,0.502997,-0.106347
454,-10.0219,8.08067,0.0219574,-0.0275034,0.499728,0.0573954
455,-10.0208,8.03033,0.0208288,-0.0171159,0.503304,-0.0849182
456,-10.0198,7.9804,0.0198419,-0.0225602,0.498354,0.0764775
457,-10.0189,7.93003,0.018909,-0.0143307,0.5032,-0.0770783
458,-10.018,7.88024,0.0180155,-0.0216923,0.4993,0.0778731
459,-10.0171,7.82989,0.0171061,-0.0142725,0.502132,-0.0841231
460,-10.0162,7.78001,0.0162094,-0.0217904,0.498963,0.0708936
461,-10.0153,7.72976,0.0153142,-0.0136899,0.502581,-0.0922247
462,-10.0145,7.67991,0.0144642,-0.0205099,0.498836,0.0683402
463,-10.0137,7.6296,0.013654,-0.0115933,0.501883,-0.093181
464,-10.0129,7.57976,0.0129152,-0.0181433,0.499245,0.0725919
465,-10.0122,7.52953,0.0122277,-0.00913157,0.501866,-0.0897558
466,-10.0116,7.47965,0.0116008,-0.0160892,0.498897,0.0780381
467,-10.011,7.42941,0.0110076,-0.00743172,0.501785,-0.0877576
468,-10.0105,7.37957,0.0104522,-0.0149271,0.499154,0.0804594
469,-10.0099,7.32934,0.0099123,-0.00648039,0.501446,-0.0888919
470,-10.0094,7.27953,0.00939627,-0.0143486,0.499083,0.0805616
471,-10.0089,7.22934,0.00889139,-0.00572096,0.501519,-0.091962
472,-10.0084,7.17948,0.00841464,-0.013464,0.499056,0.0810995
473,-10.008,7.12927,0.00796001,-0.00460456,0.501292,-0.0926714
474,-10.0075,7.07941,0.00753775,-0.0123933,0.499172,0.0831809
475,-10.0071,7.02924,0.007138,-0.00346861,0.501256,-0.0924057
476,-10.0068,6.97937,0.00676732,-0.0114559,0.499083,0.0854778
477,-10.0064,6.92919,0.00641426,-0.00256325,0.501209,-0.092511
478,-10.0061,6.87933,0.0060832,-0.0107729,0.499157,0.08706
479,-10.0058,6.82915,0.00576369,-0.00188911,0.501097,-0.0933468
480,-10.0055,6.77929,0.00546298,-0.0102505,0.499141,0.0879983
481,-10.0052,6.72912,0.00517191,-0.00129045,0.501099,-0.0944545
482,-10.0049,6.67932,0.00489965,-0.00988305,0.499134,0.08898
483,-10.0046,6.62901,0.00463483,-0.000459312,0.500423,-0.0962788
484,-10.0044,6.57914,0.0044006,-0.00899593,0.499178,0.0925007
485,-10.0042,6.52904,0.00418062,0.000269089,0.501941,-0.0957488
486,-10.004,6.47918,0.00397341,-0.00863356,0.498338,0.0941793
487,-10.0038,6.42893,0.00376853,0.000553277,0.501111,-0.0971946
488,-10.0036,6.37915,0.00357184,-0.00850522,0.499447,0.0943965
489,-10.0034,6.329,0.00337782,0.000829052,0.501031,-0.0991093
490,-10.0032,6.2791,0.0031947,-0.00823112,0.498656,0.0949974
491,-10.003,6.22894,0.00301896,0.00128425,0.501438,-0.100125
492,-10.0029,6.1792,0.00285796,-0.00798189,0.499057,0.0964599
493,-10.0027,6.12901,0.00269915,0.0017513,0.500864,-0.101599
494,-10.0026,6.07917,0.00255606,-0.00753407,0.499117,0.0986015
495,-10.0024,6.02902,0.00242149,0.00222366,0.501209,-0.101907
496,-10.0023,5.97925,0.00229727,-0.00741949,0.498891,0.100259
497,-10.0022,5.92906,0.00216896,0.00241895,0.50104,-0.103949
498,-10.0021,5.87923,0.00205121,-0.00720258,0.499192,0.10131
499,-10.0019,5.82906,0.00193859,0.00277202,0.500955,-0.104769
500,-10.0018,5.7792,0.00183611,-0.0069444,0.499003,0.1028
501,-10.0017,5.72904,0.00173792,0.00310167,0.501088,-0.105396
502,-10.0016,5.6792,0.00164853,-0.00675518,0.499071,0.10419
503,-10.0016,5.62903,0.00156175,0.00334685,0.500921,-0.106251
504,-10.0015,5.57918,0.00148147,-0.00664243,0.499105,0.105311
505,-10.0009,5.52933,0.000888354,-0.0170498,0.501006,-0.107326
506,-9.99978,5.4795,-0.000223355,-0.0274499,0.497842,-0.0420868
507,-9.99869,5.42946,-0.00131057,-0.0158434,0.499824,-0.166383
508,-9.99799,5.37956,-0.00201189,-0.0125042,0.499423,-0.00878595
509,-9.99778,5.3295,-0.0022194,0.00400517,0.500338,-0.0955472
510,-9.99803,5.27944,-0.00197025,0.00577462,0.499512,0.0773596
511,-9.99856,5.22936,-0.00144235,0.0152092,0.501016,-0.0244108
512,-9.99913,5.17946,-0.000866665,0.0078176,0.500049,0.113749
513,-9.99958,5.12935,-0.000419075,0.0100769,0.500132,-0.0270274
514,-9.9998,5.07941,-0.000195951,-0.00106404,0.499783,0.086253
515,-9.99981,5.02937,-0.000189576,0.00138408,0.500627,-0.0665867
516,-9.99967,4.97944,-0.000332267,-0.0070498,0.499372,0.0531067
517,-9.99947,4.92934,-0.000526451,-0.000674707,0.500313,-0.0874029
518,-9.99931,4.87944,-0.000687039,-0.00577797,0.499771,0.0503118
519,-9.99924,4.82935,-0.00076329,0.00270808,0.50041,-0.078952
520,-9.99925,4.77941,-0.000746545,-0.00207835,0.499483,0.0668731
521,-9.99934,4.72931,-0.000656911,0.00561125,0.500615,-0.0644269
522,-9.99946,4.6794,-0.000537422,-0.000823566,0.499624,0.0782863
523,-9.99958,4.6293,-0.000422798,0.00539263,0.500411,-0.061843
524,-9.99966,4.57938,-0.000343454,-0.00219225,0.499567,0.0765895
525,-9.9997,4.52931,-0.00030453,0.00375017,0.500557,-0.0690334
526,-9.9997,4.47939,-0.000303184,-0.00367354,0.499445,0.0706381
527,-9.99968,4.4293,-0.000320697,0.00297502,0.500483,-0.0751962
528,-9.99966,4.37939,-0.000342805,-0.0038494,0.499535,0.069206
529,-9.99965,4.3293,-0.000353545,0.00341351,0.500507,-0.0757367
530,-9.99965,4.27939,-0.000349649,-0.00325486,0.499447,0.0724357
531,-9.99967,4.22929,-0.000329923,0.0040444,0.500572,-0.0737653
532,-9.9997,4.17939,-0.000302312,-0.00293892,0.499476,0.0757142
533,-9.99973,4.12929,-0.000271867,0.00416296,0.500529,-0.073421
534,-9.99975,4.07941,-0.000248694,-0.00321353,0.499458,0.0767091
535,-9.99977,4.02932,-0.000232717,0.00385686,0.500578,-0.0756593
536,-9.99977,3.97942,-0.000225425,-0.00355212,0.499419,0.0763172
537,-9.99978,3.92932,-0.000220516,0.00373432,0.500567,-0.0776221
538,-9.99978,3.87942,-0.000218286,-0.00363322,0.499435,0.0768532
539,-9.99979,3.82932,-0.000212842,0.00385046,0.50058,-0.0785027
540,-9.99979,3.77942,-0.000205886,-0.00356321,0.499403,0.0783134
541,-9.99981,3.72931,-0.000194866,0.00400419,0.500604,-0.0789053
542,-9.99982,3.67942,-0.000183612,-0.00354741,0.499403,0.0797867
543,-9.99983,3.62932,-0.000173134,0.0040093,0.5006,-0.0796312
544,-9.99984,3.57942,-0.00016489,-0.00368321,0.499391,0.080456
545,-9.99984,3.52932,-0.00015585,0.00401526,0.50062,-0.0809087
546,-9.99985,3.47943,-0.000148884,-0.00373883,0.499373,0.0814708
547,-9.99986,3.42931,-0.000139271,0.00408051,0.500625,-0.0818721
548,-9.99987,3.37942,-0.000131595,-0.00377213,0.499371,0.0826881
549,-9.99988,3.32931,-0.000123308,0.0041113,0.500634,-0.0828053
550,-9.99988,3.27942,-0.000116953,-0.00385714,0.499355,0.0836382
551,-9.99989,3.22931,-0.000110731,0.00411466,0.500647,-0.0839412
552,-9.99989,3.17942,-0.000106383,-0.00394285,0.499347,0.0845083
553,-9.9999,3.12931,-0.000101813,0.00413621,0.500653,-0.0850554
554,-9.9999,3.07942,-9.82879e-05,-0.00400083,0.499338,0.0854677
555,-9.99991,3.02931,-9.47036e-05,0.00416953,0.500665,-0.0860511
556,-9.99991,2.97943,-9.12767e-05,-0.00405647,0.499327,0.0864181
557,-9.99991,2.92931,-8.70196e-05,0.00422918,0.500674,-0.0870317
558,-9.99992,2.87948,-8.42556e-05,-0.00420411,0.499319,0.0875477
559,-9.99991,2.82936,-8.73911e-05,0.00416155,0.50072,-0.0887806
560,-9.99991,2.77954,-9.23758e-05,-0.00440266,0.499344,0.0882415
561,-9.9999,2.72941,-9.90433e-05,0.00415038,0.500675,-0.0906947
562,-9.9999,2.67953,-0.000103446,-0.00433898,0.499332,0.0893695
563,-9.9999,2.62941,-0.000102949,0.00437881,0.50072,-0.0910758
564,-9.9999,2.57953,-9.85054e-05,-0.00421522,0.499299,0.0912073
565,-9.99991,2.52941,-9.08951e-05,0.00454059,0.500714,-0.0914032
566,-9.99992,2.47953,-8.26893e-05,-0.00422871,0.499309,0.0926477
567,-9.99992,2.42941,-7.56919e-05,0.00454099,0.500719,-0.0923558
568,-9.99993,2.37953,-7.04803e-05,-0.00436554,0.499277,0.0933919
569,-9.99993,2.3294,-6.84576e-05,0.00448421,0.500737,-0.0937346
570,-9.99993,2.27956,-6.95022e-05,-0.00457174,0.499271,0.0939656
571,-9.99993,2.22942,-7.42856e-05,0.00441211,0.500736,-0.0955616
572,-9.99992,2.17962,-7.93419e-05,-0.00475631,0.499264,0.0946447
573,-9.99992,2.12937,-8.27179e-05,0.00471581,0.500327,-0.0973603
574,-9.99993,2.0795,-7.3542e-05,-0.00437282,0.499252,0.0979617
575,-9.99994,2.02941,-5.89637e-05,0.00498268,0.501419,-0.0968499
576,-9.99996,1.97954,-4.44392e-05,-0.00442724,0.498676,0.0996325
577,-9.99996,1.92934,0.000998733,-0.000439141,0.500856,-0.0981693
578,-9.99997,1.87953,0.000732845,-0.0104031,0.499426,0.0666077
579,-9.99997,1.82939,0.000436648,-0.00124376,0.500839,-0.114291
580,-10,1.77949,0.00357549,-0.0290378,0.498861,0.0707888
581,-10.0002,1.72934,0.00231135,-0.019289,0.501205,-0.234205
582,-10.0005,1.67953,0.00118044,-0.0271736,0.499225,0.0380116
583,-10.0013,1.62938,0.00486463,-0.0313698,0.500791,-0.200007
584,-10.0025,1.5794,0.0031955,-0.0384109,0.49913,-0.0466662
585,-10.0041,1.52951,0.00155852,-0.0178418,0.501414,-0.193222
586,-10.0063,1.47959,0.00578637,-0.0459134,0.498657,0.0570019
587,-10.0091,1.42946,0.00348042,-0.0224634,0.500073,-0.267291
588,-10.0122,1.37966,0.00231981,-0.0288065,0.500262,0.132947
589,-10.0159,1.32971,0.00392464,-0.0120547,0.500492,-0.159483
590,-10.02,1.27989,0.0032856,-0.019308,0.498841,0.21006
591,-10.0243,1.22994,0.00323235,0.0118011,0.50057,-0.0557409
592,-10.0285,1.18016,0.00527167,-0.0329473,0.49905,0.380191
593,-10.0323,1.13026,0.00446549,-0.00760419,0.500068,-0.135821
594,-10.0356,1.08025,0.00032444,-0.0518567,0.498174,0.435482
595,-10.0382,1.03018,0.00214563,-0.0475038,0.499651,-0.221173
596,-10.0402,0.98032,-0.00758494,-0.113762,0.497452,0.376577
597,-10.0416,0.930239,-0.0108564,-0.0660437,0.499772,-0.448042
598,-10.0424,0.880348,-0.0253319,-0.112724,0.497241,0.498951
599,-10.0425,0.830252,-0.0316024,-0.171743,0.500421,-0.426666
600,-10.0421,0.780459,-0.0596104,-0.247845,0.495921,0.0474457
601,-10.0409,0.730425,-0.0722746,-0.239437,0.495791,-0.510989
602,-10.0398,0.680818,-0.0871397,-0.168385,0.488051,0.571396
603,-10.0393,0.631202,-0.0450621,0.129102,0.496084,0.450066
604,-10.0396,0.581601,-0.062344,0.120108,0.446351,1
605,-10.0388,0.53194,-0.151913,-0.0345914,0.44614,1
606,-10.035,0.482954,-0.199295,-0.155708,0.451043,1
607,-10.0277,0.438634,-0.132338,-0.325374,0.429616,1
608,-10.0164,0.396383,-0.064373,-0.175012,0.486637,0.84522
609,-10.002,0.357726,-0.0238465,-0.0904961,0.429942,0.948817
610,-9.98184,0.316425,-0.00920974,0.0343686,0.458438,0.257789
611,-9.95998,0.280304,-0.00548668,0.0545835,0.432444,1
612,-9.93593,0.246516,-0.00421013,0.0870283,0.464286,0.768346
613,-9.90956,0.214552,-0.0191154,0.0974199,0.431147,1
614,-9.87727,0.181206,-0.021814,0.087468,0.455352,1
615,-9.84855,0.156689,-0.0333283,-0.0174645,0.457416,1
616,-9.81213,0.131915,-0.0529878,-0.129816,0.404391,0.0968286
617,-9.77268,0.110423,-0.0663189,-0.205831,0.443104,0.17402
618,-9.73209,0.0923156,-0.0797526,-0.216971,0.47553,-0.39909
619,-9.69057,0.0760955,-0.0772675,-0.176444,0.468952,-0.177601
620,-9.64856,0.0602835,-0.0825359,-0.0609782,0.46942,-0.180973
621,-9.60475,0.043215,-0.0810105,0.0748389,0.472145,0.481174
622,-9.5612,0.0253484,-0.0625579,0.16813,0.479229,0.869738
623,-9.51783,0.00755644,-0.0544057,0.221628,0.485172,1
624,-9.47406,-0.00859836,-0.0473619,0.217291,0.478653,1
625,-9.42956,-0.0214689,-0.00526954,0.0979284,0.480745,1
626,-9.38209,-0.0306082,0.00830757,0.0208351,0.479349,0.633783
627,-9.33518,-0.0349236,0.0247888,-0.0712601,0.488806,0.392331
628,-9.28624,-0.0354131,0.0344685,-0.117062,0.48543,-0.084314
629,-9.23811,-0.0334462,0.0448024,-0.138033,0.480441,-0.0659106
630,-9.18995,-0.0303563,0.0392231,-0.118,0.498101,-0.303343
631,-9.142,-0.0273745,0.0435193,-0.089135,0.483879,-0.0672963
632,-9.09217,-0.0251969,0.0386566,-0.0406059,0.492567,-0.105466
633,-9.04393,-0.0240137,0.0368901,-0.0183021,0.493253,0.217627
634,-8.99462,-0.0232492,0.0632526,-0.0103316,0.497658,0.118383
635,-8.94648,-0.0221923,0.0622282,-0.0339745,0.490142,0.273936
636,-8.89682,-0.0201993,0.0602632,-0.0460516,0.496746,-0.00660518
637,-8.84804,-0.0172887,0.0574425,-0.0731819,0.491248,0.086438
638,-8.79847,-0.0136363,0.0537807,-0.0732897,0.500998,-0.18773
639,-8.74954,-0.00983343,0.0500017,-0.0820609,0.492724,-0.0279439
640,-8.69952,-0.00616255,0.0462571,-0.0639401,0.500349,-0.223164
641,-8.65051,-0.00311829,0.0431966,-0.0602407,0.496036,0.0108407
642,-8.60043,-0.000645732,0.0406755,-0.0382636,0.501263,-0.141654
643,-8.55108,0.00123478,0.0387934,-0.0381403,0.495182,0.0994525
644,-8.50091,0.00279967,0.0372112,-0.024211,0.502353,-0.0752807
645,-8.45146,0.00422545,0.0357948,-0.033644,0.49628,0.130482
646,-8.4012,0.00573827,0.0342737,-0.0264471,0.502164,-0.0844814
647,-8.35167,0.00735962,0.0326653,-0.0390944,0.49704,0.101063
648,-8.30145,0.0091277,0.0308872,-0.0311046,0.502404,-0.123971
649,-8.25183,0.0109117,0.0291126,-0.0408653,0.497305,0.0718671
650,-8.20157,0.0126716,0.0273399,-0.0289448,0.502398,-0.140613
651,-8.1519,0.0142758,0.0257406,-0.0357571,0.497939,0.0743289
652,-8.10161,0.0157349,0.0242711,-0.022121,0.502345,-0.128924
653,-8.05187,0.0170059,0.0230039,-0.0291253,0.498172,0.0938972
654,-8.00158,0.0181591,0.0218439,-0.016638,0.502414,-0.11373
655,-7.95183,0.019206,0.0208008,-0.0255756,0.498402,0.105976
656,-7.90154,0.0202199,0.0197823,-0.0146395,0.502198,-0.111603
657,-7.85177,0.0211984,0.0188074,-0.0247934,0.498565,0.104746
658,-7.8015,0.0221781,0.0178236,-0.014084,0.502113,-0.118614
659,-7.75171,0.0231264,0.0168785,-0.0241196,0.498595,0.100171
660,-7.70152,0.0240341,0.015967,-0.0117939,0.501985,-0.123717
661,-7.65172,0.0248588,0.0151446,-0.021375,0.49866,0.107226
662,-7.60148,0.0256289,0.0143717,-0.00929511,0.501803,-0.120748
663,-7.55168,0.0263433,0.0136594,-0.0195299,0.498808,0.112108
664,-7.50146,0.0270196,0.0129808,-0.00751298,0.50174,-0.120984
665,-7.45165,0.0276578,0.0123443,-0.0182361,0.498763,0.115463
666,-7.40144,0.0282773,0.0117229,-0.00646711,0.501673,-0.122934
667,-7.35163,0.0288711,0.0111306,-0.017509,0.498841,0.115676
668,-7.30151,0.0294325,0.0105676,-0.00460512,0.501549,-0.126086
669,-7.25168,0.0299608,0.0100407,-0.0169573,0.498485,0.123111
670,-7.20133,0.030492,0.00950809,-0.00357431,0.500776,-0.134465
671,-7.15149,0.0309885,0.0090128,-0.0166678,0.499046,0.128937
672,-7.10113,0.0314706,0.00852939,-0.00188937,0.499683,-0.143113
673,-7.05125,0.0318976,0.0081034,-0.0156164,0.496929,0.140169
674,-7.00116,0.0323165,0.00768349,-0.000529329,0.503414,-0.149406
675,-6.95152,0.032702,0.00729887,-0.0154453,0.497016,0.148125
676,-6.90138,0.0331009,0.00689906,0.00047268,0.501959,-0.158962
677,-6.8517,0.0334549,0.00654587,-0.0151992,0.498404,0.156232
678,-6.80152,0.0338318,0.00616821,0.00091602,0.500321,-0.167683
679,-6.75168,0.0341878,0.00581295,-0.0157089,0.498866,0.160336
680,-6.70166,0.0345536,0.00544642,0.00166522,0.501337,-0.178946
681,-6.65168,0.0348718,0.0051288,-0.0150898,0.498451,0.168243
682,-6.60169,0.0351594,0.00484065,0.00428196,0.500699,-0.184509
683,-6.55179,0.0353484,0.00465195,-0.0125479,0.499062,0.18628
684,-6.50175,0.0355117,0.00448836,0.00674252,0.50111,-0.18199
685,-6.45187,0.0355836,0.00441659,-0.0100715,0.500289,0.199475
686,-6.40168,0.0356552,0.00434492,0.00826691,0.499432,-0.174941
687,-6.35168,0.0356616,0.00433856,-0.00920013,0.500234,0.20459
688,-6.30153,0.0356882,0.00431198,0.00901112,0.499833,-0.172722
689,-6.25151,0.0356677,0.00433248,-0.00889193,0.499526,0.208162
690,-6.20136,0.0357103,0.00428981,0.00644169,0.50097,-0.173021
691,-6.15094,0.0357726,0.00422762,-0.00969131,0.494756,0.189574
692,-6.10046,0.0358498,0.00415033,0.00711099,0.496501,-0.167103
693,-6.05039,0.0359031,0.00409714,-0.00959777,0.505015,0.189771
694,-6.00062,0.0359963,0.00400379,0.00628075,0.498897,-0.167285
695,-5.95057,0.0360964,0.00390377,-0.0106067,0.49961,0.183019
696,-5.90056,0.0362405,0.00375951,0.00520212,0.49887,-0.171185
697,-5.8507,0.0364058,0.00359446,-0.0121716,0.501035,0.176479
698,-5.80067,0.0366235,0.00337653,0.00391381,0.498743,-0.179809
699,-5.75067,0.0368363,0.00316398,-0.0127907,0.499815,0.170689
700,-5.70067,0.0370624,0.00293762,0.00417132,0.500052,-0.183188
701,-5.65078,0.0372458,0.00275438,-0.0119246,0.499876,0.171815
702,-5.60069,0.0374173,0.00258271,0.00549298,0.499503,-0.180561
703,-5.55101,0.0375085,0.00249166,-0.00997889,0.499826,0.177026
704,-5.50056,0.0375909,0.0024092,0.00773633,0.497801,-0.171939
705,-5.45082,0.0375823,0.00241779,-0.00795809,0.498393,0.186113
706,-5.40084,0.0375392,0.00246097,0.0102829,0.501741,-0.164317
707,-5.35102,0.0374538,0.00254628,-0.00767882,0.496448,0.199163
708,-5.30059,0.0374652,0.00253491,0.00804731,0.500106,-0.170243
709,-5.25039,0.0375342,0.00246597,-0.0111485,0.498105,0.188002
710,-5.20014,0.0376812,0.00231887,0.00594099,0.50488,-0.187934
711,-5.15008,0.0378342,0.002166,-0.0127036,0.500646,0.183399
712,-5.09982,0.0380704,0.00192963,0.00434625,0.50078,-0.197718
713,-5.04976,0.0383067,0.00169346,-0.014454,0.499669,0.176121
714,-4.99948,0.0386344,0.0013656,0.00260425,0.501063,-0.208334
715,-4.94947,0.0389514,0.00104869,-0.0159273,0.49982,0.167183
716,-4.89925,0.0393381,0.000661937,0.00143979,0.500785,-0.217009
717,-4.84919,0.0396925,0.000307524,-0.0161302,0.499376,0.160066
718,-4.79905,0.0400763,-7.62579e-05,0.00160874,0.50249,-0.218849
719,-4.74902,0.0404048,-0.000404864,-0.0155179,0.501283,0.157463
720,-4.69889,0.040731,-0.000730985,0.0034521,0.499685,-0.217459
721,-4.64875,0.0409456,-0.000945708,-0.0128903,0.500287,0.165133
722,-4.5986,0.0411238,-0.00112385,0.00661349,0.500509,-0.207768
723,-4.54847,0.0412006,-0.00120062,-0.0102307,0.501087,0.17828
724,-4.49828,0.041237,-0.00123709,0.00947001,0.500833,-0.199552
725,-4.44818,0.0411661,-0.00116612,-0.00723979,0.500937,0.192134
726,-4.39791,0.041065,-0.00106511,0.0121658,0.501009,-0.187546
727,-4.3478,0.0408589,-0.000858956,-0.00454648,0.500792,0.204219
728,-4.29753,0.0406686,-0.000668684,0.01365,0.501077,-0.174632
729,-4.24756,0.0403945,-0.00039455,-0.00324392,0.500515,0.208638
730,-4.19748,0.0401211,-0.000121097,0.014802,0.500396,-0.165299
731,-4.14752,0.0398346,0.000165367,-0.00374476,0.500325,0.214171
732,-4.09744,0.0396244,0.000375679,0.0130869,0.500154,-0.168751
733,-4.04756,0.0394419,0.000558078,-0.006136,0.499344,0.207702
734,-3.99764,0.0393242,0.000675815,0.011321,0.500219,-0.178652
735,-3.94785,0.0392208,0.000779242,-0.00748943,0.499946,0.203892
736,-3.89796,0.0391741,0.000825939,0.00998598,0.498456,-0.184047
737,-3.84811,0.0391313,0.000868729,-0.00881205,0.498809,0.199175
738,-3.79817,0.0391518,0.000848201,0.00866662,0.499786,-0.189615
739,-3.74831,0.0391727,0.000827349,-0.0101099,0.499002,0.193757
740,-3.69813,0.0393088,0.000691262,0.00636233,0.499147,-0.195359
741,-3.64829,0.0394484,0.000551603,-0.0126542,0.498715,0.180358
742,-3.59823,0.0396882,0.000311818,0.00425655,0.499645,-0.206133
743,-3.5484,0.0399299,7.00885e-05,-0.0145578,0.498785,0.170212
744,-3.49849,0.0402403,-0.000240288,0.0028491,0.499416,-0.215933
745,-3.44863,0.040531,-0.000531092,-0.0153616,0.498668,0.163179
746,-3.39857,0.0408914,-0.000891387,0.0024068,0.499791,-0.220926
747,-3.34868,0.0411856,-0.00118573,-0.0150462,0.498953,0.159044
748,-3.29873,0.0414827,-0.00148266,0.0040153,0.499425,-0.220287
749,-3.2488,0.0416983,-0.00169848,-0.0131378,0.498703,0.165983
750,-3.19882,0.0418801,-0.00188011,0.00634565,0.500408,-0.215024
751,-3.14888,0.0419747,-0.00197479,-0.0106898,0.499512,0.176181
752,-3.09879,0.042062,-0.00206206,0.00825291,0.500278,-0.206504
753,-3.04886,0.0420622,-0.00206231,-0.0089719,0.499661,0.182663
754,-2.99864,0.042088,-0.00208809,0.00938213,0.499735,-0.199319
755,-2.94875,0.0420248,-0.00202487,-0.00763502,0.499402,0.18563
756,-2.89856,0.0419781,-0.00197826,0.0108491,0.499001,-0.19156
757,-2.84865,0.0418489,-0.00184898,-0.00630032,0.498465,0.191532
758,-2.79859,0.041711,-0.00171113,0.0127127,0.500814,-0.185028
759,-2.74866,0.0414949,-0.0014949,-0.00454863,0.49925,0.202032
760,-2.69856,0.0412751,-0.00127528,0.0142984,0.500269,-0.177383
761,-2.64862,0.0409707,-0.000970665,-0.0031863,0.499659,0.211003
762,-2.5985,0.0407007,-0.000700776,0.0152931,0.497179,-0.170065
763,-2.5484,0.0403616,-0.000361649,-0.0023983,0.496898,0.217149
764,-2.49841,0.0401004,-0.000100427,0.014275,0.503211,-0.164743
765,-2.44868,0.0398485,0.000151529,-0.00457262,0.497966,0.210194
766,-2.39847,0.0397082,0.000291865,0.0111207,0.499242,-0.171951
767,-2.3484,0.0396351,0.000364889,-0.00860762,0.499318,0.195546
768,-2.29831,0.0396751,0.000324907,0.00760033,0.501946,-0.189204
769,-2.24826,0.0397863,0.000213746,-0.0126083,0.500576,0.18249
770,-2.19816,0.0400241,-2.40526e-05,0.00368191,0.501419,-0.209696
771,-2.14805,0.040315,-0.000315048,-0.0157359,0.501273,0.166271
772,-2.09789,0.0406903,-0.000690327,0.00131905,0.501625,-0.224509
773,-2.04769,0.0410559,-0.00105601,-0.0165233,0.502542,0.155082
774,-1.99717,0.0414903,-0.00149029,0.0010955,0.500066,-0.227417
775,-1.94692,0.0418241,-0.00136264,-0.0171542,0.502113,0.150146
776,-1.89655,0.042116,-0.00175656,0.00250812,0.501497,-0.232031
777,-1.84632,0.0422699,-0.0020164,-0.013452,0.502391,0.160535
778,-1.796,0.0423383,0.00102962,-0.0110424,0.501679,-0.216212
779,-1.74577,0.0422672,0.000100237,-0.0285861,0.501781,0.0654982
780,-1.69538,0.0421498,-0.000946489,-0.0100418,0.501886,-0.247547
781,-1.64514,0.0417113,0.00155098,-0.038367,0.501702,0.0917654
782,-1.59478,0.0408689,6.47605e-07,-0.0141905,0.501958,-0.319647
783,-1.54461,0.0396296,-0.00092244,-0.0255395,0.501195,0.128858
784,-1.49414,0.0380339,0.00241189,-0.0303803,0.503048,-0.246174
785,-1.44395,0.0360275,0.000785426,-0.0425459,0.503205,0.00357136
786,-1.39352,0.0336558,-0.000981644,-0.0134979,0.500547,-0.237742
787,-1.34324,0.0306701,0.00242879,-0.0466495,0.502157,0.142227
788,-1.29326,0.0271095,0.000331228,-0.0105709,0.502882,-0.29188
789,-1.24345,0.0232256,-0.000373487,-0.0210439,0.50054,0.2788
790,-1.19346,0.0190434,0.00216299,0.00158759,0.499789,-0.147237
791,-1.1437,0.0145852,0.00183821,-0.0103029,0.499495,0.381761
792,-1.09389,0.0100337,0.00326807,0.0333031,0.5002,-0.012151
793,-1.04423,0.00563791,0.00417589,0.000464948,0.498217,0.610429
794,-0.994352,0.00172333,0.00490847,0.0245086,0.498981,0.0600258
795,-0.944542,-0.00133731,-0.00302691,-0.0392922,0.497598,0.658745
796,-0.894791,-0.00336724,-0.00457984,-0.0677572,0.499073,-0.147821
797,-0.845232,-0.0041906,-0.0255971,-0.1822,0.495635,0.343718
798,-0.795448,-0.00377591,-0.0369587,-0.157367,0.497795,-0.758114
799,-0.746011,-0.00233218,-0.0679404,-0.388478,0.495935,0.215479
800,-0.696436,1.29922e-05,-0.085917,-0.31431,0.495936,-1
801,-0.646944,0.00285486,-0.111462,-0.300975,0.48749,0.295878
802,-0.597358,0.00594761,-0.143406,-0.407902,0.49765,-0.309097
803,-0.547989,0.00916554,-0.173539,-0.354727,0.46932,1
804,-0.498407,0.012618,-0.17795,-0.11647,0.502176,0.623184
805,-0.449019,0.0162323,-0.235462,-0.257232,0.447066,1
806,-0.39986,0.0218539,-0.216012,-0.165142,0.44605,1
807,-0.352946,0.0306677,-0.143096,-0.0721449,0.449428,1
808,-0.310859,0.0426982,-0.0506713,-0.0340434,0.425618,1
809,-0.271302,0.0584139,-0.0150618,0.0511997,0.476929,1
810,-0.233428,0.0777777,0.00226205,0.092589,0.441138,1
811,-0.194512,0.102714,0.0104076,0.105119,0.445404,1
812,-0.161884,0.128653,-0.00743693,0.130896,0.449931,1
813,-0.131553,0.158134,-0.0127262,0.0746233,0.464092,1
814,-0.103492,0.191424,-0.030092,-0.00237451,0.438352,0.986048
815,-0.0779326,0.228414,-0.0410134,-0.0814589,0.468802,0.506471
816,-0.0569813,0.266117,-0.0565258,-0.172484,0.462232,0.262473
817,-0.0390643,0.305812,-0.061976,-0.211385,0.458961,-0.220227
818,-0.0225612,0.347927,-0.071596,-0.162644,0.456444,-0.239054
819,-0.00665266,0.390463,-0.0762487,-0.0462709,0.468094,0.0498705
820,0.0100666,0.433452,-0.0552757,0.0616285,0.477524,0.507293
821,0.0274111,0.476838,-0.0506053,0.142148,0.471588,0.831056
822,0.0436695,0.520398,-0.0452684,0.160428,0.480144,1
823,0.0572613,0.564191,-0.012878,0.0838984,0.479348,1
824,0.0673736,0.610849,0.000264342,0.00337377,0.470972,0.572568
825,0.0726857,0.65725,0.0176616,-0.0847751,0.476129,0.360351
826,0.0741922,0.70586,0.0295346,-0.128829,0.48285,-0.102522
827,0.0732949,0.752649,0.0451186,-0.136159,0.479736,-0.0779855
828,0.0715156,0.799576,0.0394578,-0.110162,0.491116,-0.249768
829,0.0698736,0.847564,0.0339493,-0.0744667,0.474103,-0.012673
830,0.0689925,0.896753,0.0388828,-0.0293393,0.48983,0.012249
831,0.0688024,0.94388,0.0378077,-0.00967169,0.491511,0.259625
832,0.068639,0.992854,0.0589052,-0.0106016,0.489793,0.192261
833,0.0679409,1.04,0.0581537,-0.0283485,0.48629,0.250235
834,0.0662124,1.0887,0.0565453,-0.0441372,0.492811,0.0699315
835,0.0634088,1.13565,0.0541204,-0.0702266,0.484204,0.0697228
836,0.0594249,1.18583,0.0505034,-0.0759984,0.491337,-0.139462
837,0.0552166,1.23406,0.0467781,-0.0804028,0.487089,-0.0641835
838,0.0510798,1.28315,0.0431165,-0.0636384,0.504989,-0.179997
839,0.0475103,1.33169,0.0402096,-0.0539792,0.48506,-0.0118185
840,0.044431,1.38216,0.0379104,-0.0335422,0.500223,-0.0837647
841,0.0419005,1.43086,0.0363049,-0.032656,0.494106,0.0893644
842,0.0394975,1.48081,0.0349076,-0.0224063,0.502352,-0.03909
843,0.0371098,1.53021,0.0335998,-0.031508,0.491401,0.106081
844,0.0345105,1.58052,0.032121,-0.0267478,0.503048,-0.0708223
845,0.031837,1.62953,0.0305599,-0.0370196,0.496095,0.0666158
846,0.0290194,1.67969,0.0288846,-0.0295461,0.50192,-0.114141
847,0.0262502,1.72929,0.0272166,-0.0374482,0.494623,0.0429561
848,0.0235745,1.77932,0.0256494,-0.0257771,0.504013,-0.134764
849,0.0211104,1.82882,0.0241963,-0.0325765,0.496343,0.0501134
850,0.0188007,1.87914,0.0228986,-0.0200491,0.501661,-0.136617
851,0.0167322,1.92886,0.0216802,-0.0283233,0.498009,0.0616356
